Opponent/Game	Category	Start	Click	End	XY	Attacking Player	Shot Origin	Shot Outcome	Shot Location	Defending Player
Korea	@@@P1	00:00	00:00	00:00	Scrimmage 1 April 29 2026					
Korea	T-START	00:00	00:00	00:00	Scrimmage 1 April 29 2026					
Korea	Shot Canada	00:00	00:02	00:07	Scrimmage 1 April 29 2026	Amy	1	Goal Canada	5	
Korea	Shot Opponent	00:05	00:10	00:20	Scrimmage 1 April 29 2026	Player 10	4	Canada Ball Control Save	2.5	Elena
Korea	Shot Canada	00:15	00:20	00:31	Scrimmage 1 April 29 2026	Emma	4	Opponent Save	2	Player 12
Korea	Shot Opponent	00:27	00:32	00:48	Scrimmage 1 April 29 2026	Player 12	2	Goal Opponent	2.5	Elena
Korea	Shot Canada	00:44	00:49	00:59	Scrimmage 1 April 29 2026	Amy	2	Opponent Save	1.5	Player 12
Korea	Shot Opponent	00:54	00:59	01:04	Scrimmage 1 April 29 2026	Player 12	2	Canada Ball Control Save	1	Amy
Korea	Shot Opponent	01:02	01:07	01:18	Scrimmage 1 April 29 2026	Player 10	5	Canada Save	2.5	Amy
Korea	Shot Canada	01:14	01:19	01:26	Scrimmage 1 April 29 2026	Emma	5	Opponent Save	1.5	Player 12
Korea	Shot Opponent	01:21	01:26	01:32	Scrimmage 1 April 29 2026	Player 12	1	Canada Ball Control Save	3.5	Elena
Korea	Shot Canada	01:28	01:33	01:43	Scrimmage 1 April 29 2026	Emma	5	Opponent Save	2.5	Player 19
Korea	Shot Opponent	01:39	01:44	01:49	Scrimmage 1 April 29 2026	Player 12	2	Canada Ball Control Save	3	Elena
Korea	Shot Canada	01:44	01:49	02:01	Scrimmage 1 April 29 2026	Amy	2	Goal Canada	4	Player 10
Korea	Shot Opponent	01:59	02:04	02:17	Scrimmage 1 April 29 2026	Player 10	5	Canada Ball Control Save	2.5	Amy
Korea	Shot Canada	02:12	02:17	02:24	Scrimmage 1 April 29 2026	Amy	1	Opponent Save	5	Player 10
Korea	Shot Opponent	02:19	02:24	02:38	Scrimmage 1 April 29 2026	Player 10	5	Canada Ball Control Save	2.5	Elena
Korea	Shot Canada	02:34	02:39	02:49	Scrimmage 1 April 29 2026	Amy	1	Opponent Save	3.5	Player 19
Korea	Shot Opponent	02:45	02:50	03:03	Scrimmage 1 April 29 2026	Player 12	4	Goal Opponent	2	Amy
Korea	Shot Canada	03:00	03:05	03:18	Scrimmage 1 April 29 2026	Emma	5	Opponent Save	1	Player 12
Korea	Shot Opponent	03:14	03:19	03:30	Scrimmage 1 April 29 2026	Player 12	1	Canada Save	3.5	Elena
Korea	Shot Canada	03:25	03:30	03:43	Scrimmage 1 April 29 2026	Emma	4	Opponent Save	4.5	Player 10
Korea	Shot Opponent	03:38	03:43	03:51	Scrimmage 1 April 29 2026	Player 10	5	Canada Save	2	Amy
Korea	Shot Canada	03:46	03:51	03:58	Scrimmage 1 April 29 2026	Amy	1	Canada Out	6	
Korea	Shot Opponent	03:54	03:59	04:10	Scrimmage 1 April 29 2026	Player 12	2	Canada Save	1.5	Amy
Korea	Shot Canada	04:06	04:11	04:20	Scrimmage 1 April 29 2026	Amy	2	Opponent Save	3.5	Player 15
Korea	Shot Opponent	04:16	04:21	04:29	Scrimmage 1 April 29 2026	Player 10	5	Canada Ball Control Save	1	Amy
Korea	Shot Canada	04:25	04:30	04:44	Scrimmage 1 April 29 2026	Amy	1	Opponent Save	3.5	Player 15
Korea	Shot Opponent	04:40	04:45	04:51	Scrimmage 1 April 29 2026	Player 12	2	Canada Ball Control Save	2.5	Elena
Korea	Shot Canada	04:47	04:52	04:58	Scrimmage 1 April 29 2026	Emma	5	Opponent Save	1	Player 12
Korea	Shot Opponent	04:54	04:59	05:05	Scrimmage 1 April 29 2026	Player 12	1	Canada Ball Control Save	5	Emma
Korea	Shot Canada	05:00	05:05	05:12	Scrimmage 1 April 29 2026	Emma	5	Opponent Save	1	Player 12
Korea	Shot Opponent	05:07	05:12	05:42	Scrimmage 1 April 29 2026	Player 10	2	Goal Opponent	2.5	Elena
Korea	Shot Canada	05:38	05:43	05:49	Scrimmage 1 April 29 2026	Emma	5	Opponent Save	1.5	Player 12
Korea	Shot Opponent	05:44	05:49	05:56	Scrimmage 1 April 29 2026	Player 12	2	Canada Ball Control Save	3	Elena
Korea	Shot Canada	05:52	05:57	06:03	Scrimmage 1 April 29 2026	Emma	5	Opponent Save	1.5	Player 12
Korea	Shot Opponent	05:59	06:04	06:21	Scrimmage 1 April 29 2026	Player 10	2	Canada Save	4	Emma
Korea	Shot Canada	06:17	06:22	06:28	Scrimmage 1 April 29 2026	Emma	4	Opponent Save	3	Player 15
Korea	Shot Opponent	06:23	06:28	06:37	Scrimmage 1 April 29 2026	Player 12	4	Canada Save	4	Emma
Korea	Shot Canada	06:33	06:38	06:51	Scrimmage 1 April 29 2026	Cassandra	2	Opponent Save	3.5	Player 15
Korea	Shot Opponent	06:46	06:51	06:57	Scrimmage 1 April 29 2026	Player 10	5	Canada Ball Control Save	2	Cassandra
Korea	Shot Canada	06:53	06:58	07:03	Scrimmage 1 April 29 2026	Cassandra	1	Canada Out	6	
Korea	Shot Opponent	06:58	07:03	07:15	Scrimmage 1 April 29 2026	Player 12	5	Canada Ball Control Save	1	Cassandra
Korea	Shot Canada	07:10	07:15	07:21	Scrimmage 1 April 29 2026	Cassandra	1	Opponent Save	3.5	Player 15
Korea	Shot Opponent	07:16	07:21	07:32	Scrimmage 1 April 29 2026	Player 10	4	Canada Save	3.5	Elena
Korea	Shot Canada	07:27	07:32	07:40	Scrimmage 1 April 29 2026	Emma	4	Opponent Save	3.5	Player 15
Korea	Shot Opponent	07:36	07:41	07:48	Scrimmage 1 April 29 2026	Player 12	2	Opponent Out	6	
Korea	Shot Canada	07:44	07:49	07:58	Scrimmage 1 April 29 2026	Emma	1	Canada Out	6	
Korea	Shot Opponent	07:55	08:00	08:18	Scrimmage 1 April 29 2026	Player 10	3	Goal Opponent	2.5	Elena
Korea	Shot Canada	08:26	08:31	08:38	Scrimmage 1 April 29 2026	Cassandra	1	Opponent Save	4	Player 10
Korea	Shot Opponent	08:33	08:38	08:47	Scrimmage 1 April 29 2026	Player 10	4	Canada Ball Control Save	2	Cassandra
Korea	Shot Canada	08:43	08:48	08:54	Scrimmage 1 April 29 2026	Emma	1	Opponent Save	5	Player 10
Korea	Shot Opponent	08:51	08:56	09:09	Scrimmage 1 April 29 2026	Player 12	1	Canada Save	4.5	Emma
Korea	Shot Opponent	09:05	09:10	09:21	Scrimmage 1 April 29 2026	Player 12	1	Canada Save	4	Emma
Korea	Shot Canada	09:17	09:22	09:28	Scrimmage 1 April 29 2026	Emma	4	Opponent Save	2	Player 12
Korea	Shot Opponent	09:23	09:28	09:36	Scrimmage 1 April 29 2026	Player 10	3	Canada Ball Control Save	2.5	Elena
Korea	Shot Canada	09:32	09:37	09:45	Scrimmage 1 April 29 2026	Cassandra	1	Opponent Save	4	Player 15
Korea	Shot Opponent	09:41	09:46	09:51	Scrimmage 1 April 29 2026	Player 12	2	Canada Ball Control Save	4	Emma
Korea	Shot Canada	09:46	09:51	09:57	Scrimmage 1 April 29 2026	Emma	4	Opponent Save	2.5	Player 15
Korea	Shot Opponent	09:52	09:57	10:07	Scrimmage 1 April 29 2026	Player 10	4	Canada Save	2.5	Cassandra
Korea	Shot Canada	10:02	10:07	10:14	Scrimmage 1 April 29 2026	Cassandra	1	Opponent Save	3.5	Player 15
Korea	Shot Opponent	10:09	10:14	10:21	Scrimmage 1 April 29 2026	Player 12	2	Canada Ball Control Save	5	Emma
Korea	Shot Canada	10:18	10:23	10:32	Scrimmage 1 April 29 2026	Emma	5	Opponent Save	1	Player 12
Korea	Shot Opponent	10:28	10:33	10:43	Scrimmage 1 April 29 2026	Player 12	1	Canada Save	4	Emma
Korea	Shot Canada	10:59	11:04	11:10	Scrimmage 1 April 29 2026	Meghan	3	Opponent Save	3.5	Player 15
Korea	Shot Opponent	11:06	11:11	11:19	Scrimmage 1 April 29 2026	Player 10	4	Canada Ball Control Save	2	Cassandra
Korea	Shot Canada	11:14	11:19	11:24	Scrimmage 1 April 29 2026	Cassandra	2	Opponent Save	3	Player 15
Korea	Shot Opponent	11:24	11:29	11:36	Scrimmage 1 April 29 2026	Player 12	1	Goal Opponent	5	Florinda
Korea	Shot Canada	11:35	11:40	11:50	Scrimmage 1 April 29 2026	Florinda	5	Opponent Save	4	Player 10
Korea	Shot Opponent	11:45	11:50	11:58	Scrimmage 1 April 29 2026	Player 10	4	Canada Save	2.5	Meghan
Korea	Shot Canada	11:53	11:58	12:06	Scrimmage 1 April 29 2026	Cassandra	2	Opponent Save	4	Player 15
Korea	Shot Opponent	12:02	12:07	12:15	Scrimmage 1 April 29 2026	Player 12	1	Canada Ball Control Save	3.5	Meghan
Korea	Shot Canada	12:10	12:15	12:25	Scrimmage 1 April 29 2026	Meghan	3	Opponent Save	4.5	Player 10
Korea	Shot Opponent	12:21	12:26	12:35	Scrimmage 1 April 29 2026	Player 10	5	Canada Ball Control Save	3	Meghan
Korea	Shot Canada	12:31	12:36	12:46	Scrimmage 1 April 29 2026	Florinda	4	Opponent Save	2	Player 12
Korea	Shot Opponent	12:42	12:47	12:55	Scrimmage 1 April 29 2026	Player 12	1	Goal Opponent	5	
Korea	Shot Canada	12:58	13:03	13:12	Scrimmage 1 April 29 2026	Florinda	5	Opponent Save	4	Player 12
Korea	Shot Opponent	13:07	13:12	13:24	Scrimmage 1 April 29 2026	Player 10	5	Canada Ball Control Save	3.5	Meghan
Korea	Shot Canada	13:20	13:25	13:30	Scrimmage 1 April 29 2026	Meghan	1	Canada Out	6	
Korea	Shot Opponent	13:33	13:38	13:47	Scrimmage 1 April 29 2026	Player 12	2	Canada Ball Control Save	1	Cassandra
Korea	Shot Canada	13:42	13:47	13:54	Scrimmage 1 April 29 2026	Cassandra	1	Opponent Save	4	Player 10
Korea	Shot Opponent	13:49	13:54	14:04	Scrimmage 1 April 29 2026	Player 10	4	Canada Ball Control Save	2	Meghan
Korea	Penalty Shot Canada	14:06	14:11	14:24	Scrimmage 1 April 29 2026	Meghan	3	Goal Canada	2.5	Player 10
Korea	Shot Opponent	14:29	14:34	14:42	Scrimmage 1 April 29 2026	Player 12	1	Goal Opponent	3	Meghan
Korea	Shot Canada	14:46	14:51	15:01	Scrimmage 1 April 29 2026	Meghan	2	Opponent Save	3.5	Player 15
Korea	Shot Opponent	14:57	15:02	15:09	Scrimmage 1 April 29 2026	Player 10	4	Canada Save	3.5	Meghan
Korea	Shot Canada	15:05	15:10	15:18	Scrimmage 1 April 29 2026	Florinda	4	Opponent Save	1	Player 12
Korea	Shot Opponent	15:14	15:19	15:36	Scrimmage 1 April 29 2026	Player 12	2	Canada Ball Control Save	4.5	Florinda
Korea	Shot Canada	15:32	15:37	15:43	Scrimmage 1 April 29 2026	Florinda	5	Opponent Save	2.5	Player 15
Korea	Shot Opponent	15:39	15:44	15:55	Scrimmage 1 April 29 2026	Player 10	4	Canada Save	2.5	Cassandra
Korea	Shot Canada	15:50	15:55	16:12	Scrimmage 1 April 29 2026	Cassandra	2	Opponent Save	3.5	Player 15
Korea	Shot Canada	17:00	17:05	17:10	Scrimmage 1 April 29 2026	Amy	1	Opponent Save	3.5	Player 15
Korea	Shot Opponent	17:06	17:11	17:17	Scrimmage 1 April 29 2026	Player 10	5	Canada Save	2	Amy
Korea	Shot Canada	17:13	17:18	17:27	Scrimmage 1 April 29 2026	Amy	1	Opponent Save	4	Player 10
Korea	Shot Opponent	17:23	17:28	17:33	Scrimmage 1 April 29 2026	Player 10	5	Opponent Out	0	
Korea	Penalty Shot Canada	18:01	18:06	18:12	Scrimmage 1 April 29 2026	Amy	3	Goal Canada	1	Player 15
Korea	Shot Opponent	18:16	18:21	18:29	Scrimmage 1 April 29 2026	Player 12	1	Canada Ball Control Save	4	Meghan
Korea	Shot Canada	18:25	18:30	18:38	Scrimmage 1 April 29 2026	Florinda	4	Opponent Save	4	Player 10
Korea	Shot Opponent	18:34	18:39	18:48	Scrimmage 1 April 29 2026	Player 10	4	Canada Save	1.5	Amy
Korea	Shot Canada	18:43	18:48	18:54	Scrimmage 1 April 29 2026	Amy	2	Opponent Save	2.5	Player 15
Korea	Shot Opponent	18:50	18:55	19:04	Scrimmage 1 April 29 2026	Player 12	1	Canada Save	4	Florinda
Korea	Shot Canada	19:00	19:05	19:11	Scrimmage 1 April 29 2026	Meghan	3	Opponent Save	3	Player 15
Korea	Shot Opponent	19:07	19:12	19:20	Scrimmage 1 April 29 2026	Player 10	5	Canada Ball Control Save	1	Amy
Korea	Shot Canada	19:17	19:22	19:35	Scrimmage 1 April 29 2026	Amy	2	Opponent Save	2	Player 12
Korea	Shot Opponent	19:31	19:36	19:44	Scrimmage 1 April 29 2026	Player 12	2	Canada Save	4	Florinda
Korea	Shot Canada	19:40	19:45	19:53	Scrimmage 1 April 29 2026	Amy	2	Goal Canada	2.5	Player 12
Korea	Shot Opponent	20:01	20:06	20:12	Scrimmage 1 April 29 2026	Player 10	4	Canada Ball Control Save	1.5	Amy
Korea	Shot Canada	20:07	20:12	20:19	Scrimmage 1 April 29 2026	Amy	1	Opponent Save	5	Player 10
Korea	Shot Opponent	20:14	20:19	20:24	Scrimmage 1 April 29 2026	Player 10	5	Canada Save	2.5	Meghan
Korea	Shot Canada	20:20	20:25	20:36	Scrimmage 1 April 29 2026	Florinda	4	Opponent Save	2	Player 12
Korea	Shot Opponent	20:32	20:37	20:45	Scrimmage 1 April 29 2026	Player 12	2	Canada Save	4.5	Florinda
Korea	Shot Canada	20:41	20:46	20:58	Scrimmage 1 April 29 2026	Florinda	5	Opponent Save	2.5	Player 15
Korea	Shot Opponent	20:53	20:58	21:08	Scrimmage 1 April 29 2026	Player 10	4	Canada Ball Control Save	1	Amy
Korea	Shot Canada	21:04	21:09	21:20	Scrimmage 1 April 29 2026	Amy	2	Opponent Save	3	Player 15
Korea	Shot Opponent	21:16	21:21	21:30	Scrimmage 1 April 29 2026	Player 12	1	Canada Save	4.5	Florinda
Korea	Shot Canada	21:26	21:31	21:38	Scrimmage 1 April 29 2026	Meghan	3	Opponent Save	3	Player 15
Korea	Shot Opponent	21:34	21:39	21:50	Scrimmage 1 April 29 2026	Player 10	5	Canada Ball Control Save	1.5	Amy
Korea	Shot Canada	21:45	21:50	22:03	Scrimmage 1 April 29 2026	Amy	4	Opponent Save	3.5	Player 15
Korea	Shot Opponent	22:00	22:05	22:17	Scrimmage 1 April 29 2026	Player 12	5	Canada Ball Control Save	3.5	Meghan
Korea	Shot Canada	22:12	22:17	22:26	Scrimmage 1 April 29 2026	Meghan	4	Opponent Save	4.5	Player 10
Korea	Shot Opponent	22:22	22:27	22:32	Scrimmage 1 April 29 2026	Player 10	5	Opponent Out	0	
Korea	T-END	22:39	22:39	22:39	Scrimmage 1 April 29 2026					
Korea	@@@P2	28:29	28:29	28:29	Scrimmage 1 April 29 2026					
Korea	T-START	28:29	28:29	28:29	Scrimmage 1 April 29 2026					
Korea	Shot Opponent	28:32	28:37	28:44	Scrimmage 1 April 29 2026	Ahmad	3	Canada Ball Control Save	1	Amy
Korea	Shot Canada	28:39	28:44	28:53	Scrimmage 1 April 29 2026	Amy	1	Opponent Save	5	Away Player 9
Korea	Shot Opponent	28:49	28:54	29:07	Scrimmage 1 April 29 2026	Away Player 9	5	Canada Save	2.5	Amy
Korea	Shot Canada	29:02	29:07	29:14	Scrimmage 1 April 29 2026	Meghan	3	Opponent Save	3	Ahmad
Korea	Shot Opponent	29:10	29:15	29:22	Scrimmage 1 April 29 2026	Away Player 9	2	Canada Save	3	Meghan
Korea	Shot Canada	29:17	29:22	29:30	Scrimmage 1 April 29 2026	Amy	2	Opponent Save	4.5	Away Player 9
Korea	Shot Opponent	29:25	29:30	29:38	Scrimmage 1 April 29 2026	Away Player 9	4	Canada Ball Control Save	2	Amy
Korea	Shot Canada	29:33	29:38	29:45	Scrimmage 1 April 29 2026	Amy	2	Opponent Save	3	Player 1
Korea	Shot Opponent	29:40	29:45	29:57	Scrimmage 1 April 29 2026	Ahmad	4	Canada Ball Control Save	2	Meghan
Korea	Shot Canada	29:53	29:58	30:09	Scrimmage 1 April 29 2026	Emma	4	Opponent Save	1.5	Ahmad
Korea	Shot Opponent	30:05	30:10	30:21	Scrimmage 1 April 29 2026	Ahmad	1	Canada Ball Control Save	4	Emma
Korea	Shot Canada	30:17	30:22	30:28	Scrimmage 1 April 29 2026	Amy	4	Opponent Save	2.5	Player 1
Korea	Shot Opponent	30:23	30:28	30:41	Scrimmage 1 April 29 2026	Ahmad	1	Canada Ball Control Save	2	Amy
Korea	Shot Canada	30:37	30:42	30:47	Scrimmage 1 April 29 2026	Meghan	3	Opponent Save	3	Player 1
Korea	Shot Opponent	30:41	30:46	30:51	Scrimmage 1 April 29 2026	Player 1	3	Canada Ball Control Save	4	Emma
Korea	Shot Canada	30:46	30:51	31:01	Scrimmage 1 April 29 2026	Emma	5	Opponent Save	2	Player 1
Korea	Shot Canada	30:57	31:02	31:16	Scrimmage 1 April 29 2026	Amy	4	Opponent Save	3	Player 1
Korea	Shot Opponent	31:11	31:16	31:25	Scrimmage 1 April 29 2026	Away Player 9	5	Canada Save	1.5	Amy
Korea	Shot Canada	31:21	31:26	31:38	Scrimmage 1 April 29 2026	Amy	1	Opponent Save	4	Away Player 9
Korea	Shot Opponent	31:34	31:39	31:46	Scrimmage 1 April 29 2026	Ahmad	2	Canada Save	4	Meghan
Korea	Shot Canada	31:42	31:47	31:56	Scrimmage 1 April 29 2026	Emma	4	Opponent Save	4.5	Away Player 9
Korea	Shot Opponent	31:51	31:56	32:02	Scrimmage 1 April 29 2026	Away Player 9	5	Canada Ball Control Save	3	Meghan
Korea	Shot Canada	31:58	32:03	32:15	Scrimmage 1 April 29 2026	Meghan	5	Opponent Save	2.5	Player 1
Korea	Shot Opponent	32:10	32:15	32:24	Scrimmage 1 April 29 2026	Ahmad	1	Canada Save	4.5	Emma
Korea	Shot Canada	32:20	32:25	32:31	Scrimmage 1 April 29 2026	Amy	4	Opponent Save	1	Ahmad
Korea	Shot Opponent	32:27	32:32	32:37	Scrimmage 1 April 29 2026	Ahmad	4	Canada Ball Control Save	3	Meghan
Korea	Shot Canada	32:30	32:35	32:54	Scrimmage 1 April 29 2026	Emma	4	Opponent Save	3	Player 1
Korea	Shot Canada	32:50	32:55	33:10	Scrimmage 1 April 29 2026	Amy	1	Opponent Save	2	Ahmad
Korea	Shot Opponent	33:06	33:11	33:17	Scrimmage 1 April 29 2026	Ahmad	1	Canada Save	4	Emma
Korea	Shot Canada	33:13	33:18	33:32	Scrimmage 1 April 29 2026	Emma	3	Opponent Save	2	Ahmad
Korea	Shot Opponent	33:27	33:32	33:44	Scrimmage 1 April 29 2026	Away Player 9	4	Canada Ball Control Save	2	Meghan
Korea	Shot Canada	34:00	34:05	34:11	Scrimmage 1 April 29 2026	Meghan	1	Opponent Save	4.5	Away Player 9
Korea	Shot Opponent	34:07	34:12	34:18	Scrimmage 1 April 29 2026	Away Player 9	5	Canada Ball Control Save	1.5	Meghan
Korea	Shot Canada	34:14	34:19	34:27	Scrimmage 1 April 29 2026	Meghan	2	Opponent Save	5	Away Player 9
Korea	Shot Opponent	34:23	34:28	34:43	Scrimmage 1 April 29 2026	Away Player 9	5	Canada Ball Control Save	2	Meghan
Korea	Shot Canada	34:39	34:44	34:50	Scrimmage 1 April 29 2026	Meghan	2	Opponent Save	4.5	Away Player 9
Korea	Shot Opponent	34:46	34:51	34:59	Scrimmage 1 April 29 2026	Ahmad	2	Canada Save	3	Cassandra
Korea	Shot Canada	34:54	34:59	35:06	Scrimmage 1 April 29 2026	Florinda	5	Opponent Save	3	Player 1
Korea	Shot Opponent	35:01	35:06	35:18	Scrimmage 1 April 29 2026	Player 1	3	Goal Opponent	2.5	Cassandra
Korea	Shot Canada	35:20	35:25	35:39	Scrimmage 1 April 29 2026	Meghan	3	Opponent Save	4.5	Away Player 9
Korea	Shot Opponent	35:34	35:39	35:44	Scrimmage 1 April 29 2026	Away Player 9	4	Canada Ball Control Save	1	Meghan
Korea	Shot Canada	35:39	35:44	35:58	Scrimmage 1 April 29 2026	Meghan	1	Canada Out	6	
Korea	Shot Opponent	35:54	35:59	36:08	Scrimmage 1 April 29 2026	Away Player 9	5	Canada Ball Control Save	2	Meghan
Korea	Shot Canada	36:04	36:09	36:15	Scrimmage 1 April 29 2026	Florinda	5	Opponent Save	2.5	Player 1
Korea	Shot Opponent	36:10	36:15	36:26	Scrimmage 1 April 29 2026	Ahmad	1	Goal Opponent	5	Florinda
Korea	Shot Canada	36:26	36:31	36:38	Scrimmage 1 April 29 2026	Florinda	5	Opponent Save	1	Ahmad
Korea	Shot Opponent	36:33	36:38	36:54	Scrimmage 1 April 29 2026	Ahmad	1	Goal Opponent	3.5	Cassandra
Korea	Shot Canada	36:54	36:59	37:11	Scrimmage 1 April 29 2026	Meghan	2	Opponent Save	4	Away Player 9
Korea	Shot Opponent	37:07	37:12	37:20	Scrimmage 1 April 29 2026	Away Player 9	5	Canada Ball Control Save	2	Meghan
Korea	Shot Canada	37:16	37:21	37:30	Scrimmage 1 April 29 2026	Meghan	1	Opponent Save	3.5	Player 1
Korea	Shot Opponent	37:26	37:31	37:36	Scrimmage 1 April 29 2026	Ahmad	3	Canada Save	3	Cassandra
Korea	Shot Canada	37:31	37:36	37:45	Scrimmage 1 April 29 2026	Florinda	4	Opponent Save	4.5	Away Player 9
Korea	Shot Opponent	37:41	37:46	37:55	Scrimmage 1 April 29 2026	Away Player 9	5	Canada Save	4	Florinda
Korea	Shot Canada	37:51	37:56	38:03	Scrimmage 1 April 29 2026	Florinda	5	Opponent Save	2.5	Player 1
Korea	Shot Opponent	37:59	38:04	38:25	Scrimmage 1 April 29 2026	Ahmad	2	Goal Opponent	3	Cassandra
Korea	Shot Canada	38:20	38:25	38:35	Scrimmage 1 April 29 2026	Florinda	4	Opponent Save	2	Player 1
Korea	Shot Opponent	38:31	38:36	38:41	Scrimmage 1 April 29 2026					
Korea	Shot Canada	38:33	38:38	38:52	Scrimmage 1 April 29 2026	Meghan	5	Opponent Save	2	Ahmad
Korea	Shot Opponent	38:48	38:53	38:59	Scrimmage 1 April 29 2026	Away Player 9	4	Canada Ball Control Save	2	Meghan
Korea	Shot Canada	38:54	38:59	39:08	Scrimmage 1 April 29 2026	Meghan	1	Opponent Save	5	Away Player 9
Korea	Shot Opponent	39:04	39:09	39:14	Scrimmage 1 April 29 2026	Away Player 9	5	Opponent Out	0	
Korea	Shot Canada	39:25	39:30	39:36	Scrimmage 1 April 29 2026	Elena	1	Opponent Save	5	Away Player 9
Korea	Shot Opponent	39:32	39:37	39:44	Scrimmage 1 April 29 2026	Away Player 9	5	Canada Ball Control Save	1	Elena
Korea	Shot Canada	39:40	39:45	39:54	Scrimmage 1 April 29 2026	Elena	1	Opponent Save	3	Player 1
Korea	Shot Opponent	39:49	39:54	40:09	Scrimmage 1 April 29 2026	Ahmad	2	Goal Opponent	3	Cassandra
Korea	Shot Canada	40:05	40:10	40:19	Scrimmage 1 April 29 2026	Florinda	5	Opponent Save	2	Player 1
Korea	Shot Opponent	40:14	40:19	40:33	Scrimmage 1 April 29 2026	Ahmad	2	Canada Save	2	Elena
Korea	Shot Canada	40:29	40:34	40:41	Scrimmage 1 April 29 2026	Elena	2	Opponent Save	4	Player 1
Korea	Shot Opponent	40:36	40:41	40:51	Scrimmage 1 April 29 2026	Away Player 9	5	Canada Save	4	Florinda
Korea	Shot Canada	40:46	40:51	40:56	Scrimmage 1 April 29 2026	Florinda	4	Opponent Save	3	Player 1
Korea	Shot Opponent	40:52	40:57	41:03	Scrimmage 1 April 29 2026	Ahmad	4	Canada Ball Control Save	1.5	Elena
Korea	Shot Canada	40:59	41:04	41:12	Scrimmage 1 April 29 2026	Elena	2	Opponent Save	3.5	Player 1
Korea	Shot Opponent	41:07	41:12	41:19	Scrimmage 1 April 29 2026	Away Player 9	5	Canada Ball Control Save	5	Florinda
Korea	Shot Canada	41:15	41:20	41:27	Scrimmage 1 April 29 2026	Florinda	5	Opponent Save	3	Player 1
Korea	Shot Opponent	41:22	41:27	41:34	Scrimmage 1 April 29 2026	Ahmad	2	Canada Ball Control Save	2	Elena
Korea	Shot Canada	41:30	41:35	41:44	Scrimmage 1 April 29 2026	Elena	1	Opponent Save	1.5	Ahmad
Korea	Shot Opponent	41:40	41:45	41:50	Scrimmage 1 April 29 2026	Ahmad	3	Canada Ball Control Save	1	Elena
Korea	Shot Canada	42:56	43:01	43:07	Scrimmage 1 April 29 2026	Cassandra	3	Opponent Save	3.5	Player 1
Korea	Shot Opponent	43:02	43:07	43:17	Scrimmage 1 April 29 2026	Away Player 9	5	Canada Save	2	Elena
Korea	Shot Canada	43:13	43:18	43:23	Scrimmage 1 April 29 2026	Elena	2	Opponent Save	4.5	Away Player 9
Korea	Shot Opponent	43:19	43:24	43:29	Scrimmage 1 April 29 2026	Away Player 9	5	Opponent Out	0	
Korea	Shot Canada	43:23	43:28	43:42	Scrimmage 1 April 29 2026	Florinda	2	Opponent Save	4	Away Player 9
Korea	Shot Opponent	43:38	43:43	43:56	Scrimmage 1 April 29 2026	Player 1	3	Goal Opponent	1	Elena
Korea	Shot Canada	43:52	43:57	44:03	Scrimmage 1 April 29 2026	Elena	1	Opponent Save	4	Away Player 9
Korea	Shot Opponent	43:59	44:04	44:14	Scrimmage 1 April 29 2026	Ahmad	1	Opponent Out	6	
Korea	Shot Canada	44:10	44:15	44:26	Scrimmage 1 April 29 2026	Cassandra	3	Opponent Save	4.5	Away Player 9
Korea	Shot Opponent	44:22	44:27	44:32	Scrimmage 1 April 29 2026	Away Player 9	5	Canada Save	3	Cassandra
Korea	Shot Canada	44:27	44:32	44:42	Scrimmage 1 April 29 2026	Florinda	4	Opponent Save	1	Ahmad
Korea	Shot Opponent	44:38	44:43	44:50	Scrimmage 1 April 29 2026	Ahmad	1	Canada Ball Control Save	2.5	Cassandra
Korea	Shot Canada	44:46	44:51	44:59	Scrimmage 1 April 29 2026	Elena	2	Opponent Save	4	Away Player 9
Korea	Shot Opponent	44:54	44:59	45:06	Scrimmage 1 April 29 2026	Away Player 9	5	Canada Ball Control Save	2.5	Elena
Korea	Shot Canada	45:02	45:07	45:12	Scrimmage 1 April 29 2026	Elena	1	Opponent Save	5	Away Player 9
Korea	Shot Opponent	45:07	45:12	45:20	Scrimmage 1 April 29 2026	Away Player 9	5	Canada Save	2	Elena
Korea	Shot Canada	45:41	45:46	45:54	Scrimmage 1 April 29 2026	Amy	2	Opponent Save	2	Player 1
Korea	Shot Opponent	45:49	45:54	46:07	Scrimmage 1 April 29 2026	Player 19	2	Canada Ball Control Save	3	Elena
Korea	Shot Canada	46:02	46:07	46:14	Scrimmage 1 April 29 2026	Emma	5	Opponent Save	1.5	Player 19
Korea	Shot Opponent	46:10	46:15	46:28	Scrimmage 1 April 29 2026	Player 19	2	Canada Save	4	Emma
Korea	Shot Canada	46:23	46:28	46:40	Scrimmage 1 April 29 2026	Amy	3	Opponent Save	4	Player 6
Korea	Shot Opponent	46:35	46:40	46:45	Scrimmage 1 April 29 2026	Player 6	5	Canada Ball Control Save	1	Amy
Korea	Shot Canada	46:40	46:45	46:55	Scrimmage 1 April 29 2026	Amy	1	Opponent Save	5	Player 6
Korea	Shot Opponent	46:51	46:56	47:05	Scrimmage 1 April 29 2026	Player 6	5	Canada Ball Control Save	3	Elena
Korea	Shot Canada	47:01	47:06	47:16	Scrimmage 1 April 29 2026	Emma	5	Opponent Save	2.5	Player 12
Korea	Shot Opponent	47:12	47:17	47:23	Scrimmage 1 April 29 2026	Player 19	1	Canada Ball Control Save	4	Elena
Korea	Shot Canada	47:19	47:24	47:37	Scrimmage 1 April 29 2026	Emma	5	Opponent Save	2.5	Player 1
Korea	Shot Opponent	47:32	47:37	47:44	Scrimmage 1 April 29 2026	Player 19	2	Opponent Out	0	
Korea	Shot Canada	47:40	47:45	48:01	Scrimmage 1 April 29 2026	Amy	2	Opponent Save	5	Player 6
Korea	Shot Opponent	47:57	48:02	48:12	Scrimmage 1 April 29 2026	Player 6	4	Canada Save	4	Emma
Korea	Shot Canada	48:08	48:13	48:23	Scrimmage 1 April 29 2026	Emma	3	Opponent Save	2	Player 19
Korea	Shot Opponent	48:19	48:24	48:30	Scrimmage 1 April 29 2026	Player 19	2	Canada Save	2	Amy
Korea	Shot Canada	48:26	48:31	48:39	Scrimmage 1 April 29 2026	Amy	1	Opponent Save	4	Player 1
Korea	T-END	48:42	48:42	48:42	Scrimmage 1 April 29 2026					
Korea	@@@P3	52:24	52:24	52:24	Scrimmage 1 April 29 2026					
Korea	T-START	52:24	52:24	52:24	Scrimmage 1 April 29 2026					
Korea	Shot Opponent	53:09	53:14	53:23	Scrimmage 1 April 29 2026	Player 10	5	Canada Ball Control Save	1.5	Cassandra
Korea	Shot Canada	53:18	53:23	53:28	Scrimmage 1 April 29 2026	Cassandra	1	Opponent Save	3	Player 1
Korea	Shot Opponent	53:24	53:29	53:40	Scrimmage 1 April 29 2026	Player 12	2	Canada Save	3.5	Elena
Korea	Shot Canada	53:36	53:41	53:55	Scrimmage 1 April 29 2026	Florinda	4	Opponent Save	4.5	Player 10
Korea	Shot Opponent	53:50	53:55	54:00	Scrimmage 1 April 29 2026	Player 10	4	Canada Ball Control Save	3	Elena
Korea	Shot Canada	53:54	53:59	54:07	Scrimmage 1 April 29 2026	Cassandra	1	Opponent Save	4	Player 10
Korea	Shot Opponent	54:02	54:07	54:15	Scrimmage 1 April 29 2026	Player 1	3	Canada Ball Control Save	1	Cassandra
Korea	Shot Canada	54:11	54:16	54:21	Scrimmage 1 April 29 2026	Cassandra	1	Opponent Save	3	Player 1
Korea	Shot Opponent	54:16	54:21	54:33	Scrimmage 1 April 29 2026	Player 12	2	Canada Ball Control Save	4	Elena
Korea	Shot Canada	54:29	54:34	54:42	Scrimmage 1 April 29 2026	Florinda	4	Opponent Save	4	Player 10
Korea	Shot Opponent	54:37	54:42	54:48	Scrimmage 1 April 29 2026	Player 10	4	Canada Save	3	Elena
Korea	Shot Canada	54:43	54:48	54:56	Scrimmage 1 April 29 2026	Cassandra	1	Opponent Save	4.5	Player 10
Korea	Shot Opponent	54:51	54:56	55:10	Scrimmage 1 April 29 2026	Player 12	1	Canada Ball Control Save	4	Florinda
Korea	Shot Canada	55:05	55:10	55:15	Scrimmage 1 April 29 2026	Florinda	4	Canada Out	0	
Korea	Shot Opponent	55:08	55:13	55:36	Scrimmage 1 April 29 2026	Player 12	1	Opponent Out	6	
Korea	Shot Canada	55:36	55:41	55:51	Scrimmage 1 April 29 2026	Florinda	5	Opponent Save	4.5	Player 6
Korea	Shot Opponent	55:46	55:51	55:57	Scrimmage 1 April 29 2026	Player 6	5	Canada Ball Control Save	3.5	Elena
Korea	Shot Canada	55:53	55:58	56:07	Scrimmage 1 April 29 2026	Cassandra	2	Opponent Save	5	Player 6
Korea	Shot Opponent	56:04	56:09	56:21	Scrimmage 1 April 29 2026	Player 6	4	Canada Ball Control Save	1.5	Cassandra
Korea	Shot Canada	56:16	56:21	56:32	Scrimmage 1 April 29 2026	Florinda	4	Opponent Save	3	Player 1
Korea	Shot Opponent	56:27	56:32	56:40	Scrimmage 1 April 29 2026	Player 12	2	Canada Ball Control Save	5	Florinda
Korea	Shot Canada	56:36	56:41	56:57	Scrimmage 1 April 29 2026	Florinda	4	Canada Out	6	
Korea	Shot Opponent	57:01	57:06	57:18	Scrimmage 1 April 29 2026	Player 6	3	Canada Ball Control Save	2	Cassandra
Korea	Shot Canada	57:14	57:19	57:24	Scrimmage 1 April 29 2026	Cassandra	2	Opponent Save	4.5	Player 6
Korea	Shot Opponent	57:20	57:25	57:30	Scrimmage 1 April 29 2026	Player 6	5	Canada Ball Control Save	2	Elena
Korea	Shot Canada	57:25	57:30	57:38	Scrimmage 1 April 29 2026	Elena	3	Opponent Save	3	Player 1
Korea	Shot Opponent	57:33	57:38	57:45	Scrimmage 1 April 29 2026	Player 12	2	Canada Ball Control Save	3	Elena
Korea	Shot Canada	57:40	57:45	57:53	Scrimmage 1 April 29 2026	Cassandra	2	Opponent Save	4.5	Player 6
Korea	Shot Opponent	57:49	57:54	58:00	Scrimmage 1 April 29 2026	Player 6	5	Canada Save	3	Elena
Korea	Shot Canada	57:55	58:00	58:09	Scrimmage 1 April 29 2026	Florinda	5	Opponent Save	3	Player 1
Korea	Shot Opponent	58:20	58:25	58:34	Scrimmage 1 April 29 2026	Player 12	1	Canada Save	4.5	Florinda
Korea	Shot Canada	58:30	58:35	58:43	Scrimmage 1 April 29 2026	Elena	3	Opponent Save	3.5	Player 15
Korea	Shot Opponent	58:38	58:43	58:50	Scrimmage 1 April 29 2026	Player 6	5	Canada Save	2	Cassandra
Korea	Shot Canada	58:45	58:50	58:56	Scrimmage 1 April 29 2026	Cassandra	2	Opponent Save	3.5	Player 15
Korea	Shot Opponent	58:51	58:56	59:05	Scrimmage 1 April 29 2026	Player 12	3	Canada Save	2.5	Cassandra
Korea	Shot Canada	59:01	59:06	59:13	Scrimmage 1 April 29 2026	Cassandra	2	Opponent Save	1.5	Player 12
Korea	Shot Opponent	59:08	59:13	59:18	Scrimmage 1 April 29 2026	Player 12	1	Opponent Out	0	
Korea	Shot Canada	59:13	59:18	59:32	Scrimmage 1 April 29 2026	Florinda	4	Opponent Save	2	Player 12
Korea	Shot Opponent	59:27	59:32	59:39	Scrimmage 1 April 29 2026	Player 6	4	Canada Ball Control Save	3.5	Elena
Korea	Shot Canada	59:35	59:40	59:49	Scrimmage 1 April 29 2026	Florinda	5	Opponent Save	3	Player 15
Korea	Shot Opponent	59:45	59:50	59:58	Scrimmage 1 April 29 2026	Player 12	1	Canada Save	4	Florinda
Korea	Shot Canada	59:54	59:59	60:05	Scrimmage 1 April 29 2026	Florinda	4	Opponent Save	3	Player 15
Korea	Shot Opponent	60:01	60:06	60:14	Scrimmage 1 April 29 2026	Player 6	4	Canada Save	2.5	Elena
Korea	Shot Canada	60:09	60:14	60:21	Scrimmage 1 April 29 2026	Cassandra	2	Opponent Save	4.5	Player 6
Korea	Shot Opponent	60:17	60:22	60:27	Scrimmage 1 April 29 2026	Player 6	5	Canada Save	1	Cassandra
Korea	Shot Canada	60:20	60:25	60:37	Scrimmage 1 April 29 2026	Cassandra	1	Opponent Save	2	Player 12
Korea	Shot Opponent	60:33	60:38	60:48	Scrimmage 1 April 29 2026	Player 12	1	Canada Ball Control Save	5	4
Korea	Shot Canada	60:43	60:48	60:56	Scrimmage 1 April 29 2026	Florinda	4	Opponent Save	4	Player 6
Korea	Shot Opponent	60:51	60:56	61:01	Scrimmage 1 April 29 2026	Player 6	5	Canada Save	3	Elena
Korea	Shot Canada	60:56	61:01	61:10	Scrimmage 1 April 29 2026	Florinda	4	Opponent Save	3	Player 15
Korea	Shot Opponent	61:06	61:11	61:29	Scrimmage 1 April 29 2026	Player 12	2	Goal Opponent	3.5	Elena
Korea	Shot Canada	61:26	61:31	61:36	Scrimmage 1 April 29 2026	Florinda	5	Opponent Save	3.5	Player 6
Korea	Shot Opponent	61:30	61:35	61:40	Scrimmage 1 April 29 2026	Player 6	5	Canada Ball Control Save	3	Elena
Korea	Shot Canada	61:34	61:39	61:46	Scrimmage 1 April 29 2026	Cassandra	2	Opponent Save	4.5	Player 6
Korea	Shot Opponent	61:42	61:47	61:56	Scrimmage 1 April 29 2026	Player 6	5	Canada Ball Control Save	3	Elena
Korea	Shot Canada	61:53	61:58	62:07	Scrimmage 1 April 29 2026	Florinda	4	Opponent Save	2	Player 15
Korea	Shot Opponent	62:02	62:07	62:19	Scrimmage 1 April 29 2026	Player 12	2	Goal Opponent	3.5	Elena
Korea	Shot Canada	62:17	62:22	62:27	Scrimmage 1 April 29 2026	Florinda	5	Opponent Save	4	Player 6
Korea	Shot Opponent	62:23	62:28	62:34	Scrimmage 1 April 29 2026	Player 6	4	Canada Ball Control Save	3	Elena
Korea	Shot Canada	62:30	62:35	62:41	Scrimmage 1 April 29 2026	Cassandra	2	Canada Out	6	
Korea	Shot Opponent	62:41	62:46	62:57	Scrimmage 1 April 29 2026	Player 6	5	Canada Ball Control Save	1.5	Cassandra
Korea	Shot Canada	62:54	62:59	63:04	Scrimmage 1 April 29 2026	Cassandra	1	Opponent Save	5	Player 6
Korea	Shot Opponent	63:00	63:05	63:11	Scrimmage 1 April 29 2026	Player 12	2	Canada Ball Control Save	1.5	Cassandra
Korea	Shot Canada	63:07	63:12	63:17	Scrimmage 1 April 29 2026	Cassandra	1	Opponent Save	5	Player 6
Korea	Shot Opponent	63:13	63:18	63:27	Scrimmage 1 April 29 2026	Player 6	4	Canada Ball Control Save	2	Elena
Korea	Shot Canada	63:23	63:28	63:34	Scrimmage 1 April 29 2026	Elena	3	Opponent Save	1.5	Player 12
Korea	Shot Opponent	63:30	63:35	63:43	Scrimmage 1 April 29 2026	Player 12	2	Canada Ball Control Save	5	Florinda
Korea	Shot Canada	63:58	64:03	64:12	Scrimmage 1 April 29 2026	Amy	1	Opponent Save	4	Player 6
Korea	Shot Opponent	64:07	64:12	64:19	Scrimmage 1 April 29 2026	Player 12	2	Canada Save	4	Meghan
Korea	Shot Canada	64:14	64:19	64:29	Scrimmage 1 April 29 2026	Emma	5	Canada Out	0	
Korea	Shot Opponent	64:25	64:30	64:43	Scrimmage 1 April 29 2026	Player 6	4	Canada Ball Control Save	2.5	Meghan
Korea	Shot Canada	64:39	64:44	64:54	Scrimmage 1 April 29 2026	Amy	2	Opponent Save	2	Player 15
Korea	Shot Opponent	64:50	64:55	65:03	Scrimmage 1 April 29 2026	Player 12	2	Canada Ball Control Save	4.5	Emma
Korea	Shot Canada	64:58	65:03	65:08	Scrimmage 1 April 29 2026	Emma	5	Opponent Save	1	Player 12
Korea	Shot Opponent	65:03	65:08	65:18	Scrimmage 1 April 29 2026	Player 6	3	Canada Ball Control Save	2	Amy
Korea	Shot Canada	65:14	65:19	65:24	Scrimmage 1 April 29 2026	Amy	2	Opponent Save	3	Player 15
Korea	Shot Opponent	65:18	65:23	65:33	Scrimmage 1 April 29 2026	Player 12	2	Canada Ball Control Save	5	Emma
Korea	Shot Canada	65:28	65:33	65:42	Scrimmage 1 April 29 2026	Emma	4	Opponent Save	4.5	Player 6
Korea	Shot Opponent	65:37	65:42	65:49	Scrimmage 1 April 29 2026	Player 6	5	Opponent Out	0	
Korea	Shot Canada	65:48	65:53	66:03	Scrimmage 1 April 29 2026	Amy	1	Opponent Save	3	Player 15
Korea	Shot Opponent	65:58	66:03	66:09	Scrimmage 1 April 29 2026	Player 12	2	Canada Ball Control Save	3	Meghan
Korea	Shot Canada	66:05	66:10	66:23	Scrimmage 1 April 29 2026	Meghan	3	Opponent Save	3.5	Player 15
Korea	Shot Opponent	66:19	66:24	66:29	Scrimmage 1 April 29 2026	Player 6	5	Canada Save	1.5	Amy
Korea	Shot Canada	66:25	66:30	66:38	Scrimmage 1 April 29 2026	Amy	1	Opponent Save	4	Player 6
Korea	Shot Opponent	66:34	66:39	66:45	Scrimmage 1 April 29 2026	Player 12	3	Canada Save	3	Meghan
Korea	Shot Canada	66:41	66:46	67:01	Scrimmage 1 April 29 2026	Amy	1	Opponent Save	2.5	Player 15
Korea	Shot Opponent	66:56	67:01	67:07	Scrimmage 1 April 29 2026	Player 6	4	Canada Save	4	Emma
Korea	Shot Canada	67:03	67:08	67:17	Scrimmage 1 April 29 2026	Emma	3	Canada Out	6	
Korea	Shot Opponent	67:15	67:20	67:30	Scrimmage 1 April 29 2026	Player 12	4	Canada Ball Control Save	2	Meghan
Korea	Shot Canada	67:26	67:31	67:41	Scrimmage 1 April 29 2026	Amy	2	Opponent Save	2	Player 12
Korea	Shot Opponent	67:36	67:41	67:47	Scrimmage 1 April 29 2026	Player 6	4	Canada Ball Control Save	2	Meghan
Korea	Shot Canada	67:43	67:48	67:59	Scrimmage 1 April 29 2026	Emma	5	Opponent Save	2	Player 12
Korea	Shot Opponent	67:54	67:59	68:08	Scrimmage 1 April 29 2026	Player 12	1	Canada Ball Control Save	4	Meghan
Korea	Shot Canada	68:03	68:08	68:16	Scrimmage 1 April 29 2026	Amy	4	Opponent Save	1	Player 12
Korea	Shot Opponent	68:11	68:16	68:27	Scrimmage 1 April 29 2026	Player 6	2	Canada Ball Control Save	2.5	Meghan
Korea	Shot Canada	68:22	68:27	68:39	Scrimmage 1 April 29 2026	Emma	4	Opponent Save	4	Player 6
Korea	Shot Opponent	68:34	68:39	68:57	Scrimmage 1 April 29 2026	Player 12	2	Canada Save	4	Emma
Korea	Shot Canada	69:04	69:09	69:23	Scrimmage 1 April 29 2026	Amy	5	Opponent Save	1	Player 12
Korea	Shot Opponent	69:19	69:24	69:36	Scrimmage 1 April 29 2026	Player 6	4	Canada Ball Control Save	1.5	Amy
Korea	Shot Canada	69:31	69:36	69:46	Scrimmage 1 April 29 2026	Emma	5	Opponent Save	1.5	Player 12
Korea	Shot Opponent	69:41	69:46	69:54	Scrimmage 1 April 29 2026	Player 12	2	Canada Ball Control Save	3.5	Meghan
Korea	Shot Canada	69:49	69:54	70:03	Scrimmage 1 April 29 2026	Amy	5	Opponent Save	1.5	Player 12
Korea	Shot Opponent	69:58	70:03	70:08	Scrimmage 1 April 29 2026	Player 12	1	Canada Ball Control Save	3	Meghan
Korea	Shot Canada	70:02	70:07	70:15	Scrimmage 1 April 29 2026	Emma	5	Opponent Save	1.5	Player 12
Korea	Shot Opponent	70:10	70:15	70:23	Scrimmage 1 April 29 2026	Canada Save	4	Emma		
Korea	Shot Canada	70:18	70:23	70:32	Scrimmage 1 April 29 2026	Amy	3	Opponent Save	1.5	Player 12
Korea	Shot Opponent	70:28	70:33	70:38	Scrimmage 1 April 29 2026	Player 15	3	Canada Ball Control Save	2.5	Meghan
Korea	Shot Canada	70:32	70:37	70:46	Scrimmage 1 April 29 2026	Meghan	5	Opponent Save	3	Player 15
Korea	Shot Opponent	70:41	70:46	70:53	Scrimmage 1 April 29 2026	Player 6	4	Canada Ball Control Save	1	Amy
Korea	Shot Canada	70:49	70:54	71:02	Scrimmage 1 April 29 2026	Amy	1	Opponent Save	4.5	Player 6
Korea	Shot Opponent	70:57	71:02	71:11	Scrimmage 1 April 29 2026	Player 6	4	Canada Ball Control Save	3	Meghan
Korea	Shot Canada	71:06	71:11	71:17	Scrimmage 1 April 29 2026	Emma	2	Opponent Save	2	Player 12
Korea	Shot Opponent	71:13	71:18	71:29	Scrimmage 1 April 29 2026	Player 12	2	Goal Opponent	5	Emma
Korea	Shot Canada	71:24	71:29	71:36	Scrimmage 1 April 29 2026	Amy	5	Canada Out	0	
Korea	Shot Opponent	71:39	71:44	72:00	Scrimmage 1 April 29 2026	Player 6	3	Canada Ball Control Save	1.5	Amy
Korea	Shot Canada	71:55	72:00	72:08	Scrimmage 1 April 29 2026	Amy	1	Opponent Save	5	Player 6
Korea	Shot Opponent	72:04	72:09	72:22	Scrimmage 1 April 29 2026	Player 12	4	Canada Ball Control Save	2	Amy
Korea	Shot Canada	72:17	72:22	72:30	Scrimmage 1 April 29 2026	Emma	4	Opponent Save	3.5	Player 15
Korea	Shot Opponent	72:25	72:30	72:39	Scrimmage 1 April 29 2026	Player 6	4	Canada Save	3.5	Meghan
Korea	Shot Canada	72:35	72:40	72:48	Scrimmage 1 April 29 2026	Emma	5	Goal Canada	1	Player 12
Korea	Shot Opponent	72:49	72:54	73:06	Scrimmage 1 April 29 2026	Player 12	2	Canada Save	4	Emma
Korea	Shot Canada	73:01	73:06	73:12	Scrimmage 1 April 29 2026	Amy	4	Opponent Save	1	Player 12
Korea	T-END	73:18	73:18	73:18	Scrimmage 1 April 29 2026					
Korea	@@@P1	00:00	00:00	00:00	Scrimmage 2 April 29 2026					
Korea	T-START	00:00	00:00	00:00	Scrimmage 2 April 29 2026					
Korea	Shot Canada	00:01	00:06	00:23	Scrimmage 2 April 29 2026	Elena	1	Opponent Save	3.5	Player 15
Korea	Shot Opponent	00:19	00:24	00:31	Scrimmage 2 April 29 2026	Player 19	2	Canada Ball Control Save	3.5	Cassandra
Korea	Shot Canada	00:27	00:32	00:45	Scrimmage 2 April 29 2026	Florinda	4	Opponent Save	1.5	Player 19
Korea	Shot Opponent	00:46	00:51	00:59	Scrimmage 2 April 29 2026	Player 19	1	Goal Opponent	2	Cassandra
Korea	Shot Canada	00:56	01:01	01:08	Scrimmage 2 April 29 2026	Elena	1	Opponent Save	4.5	Player 1
Korea	Shot Opponent	01:03	01:08	01:15	Scrimmage 2 April 29 2026	Player 1	5	Canada Ball Control Save	2	Elena
Korea	Shot Canada	01:10	01:15	01:21	Scrimmage 2 April 29 2026	Elena	2	Canada Out	0	
Korea	Shot Opponent	01:19	01:24	01:40	Scrimmage 2 April 29 2026	Player 19	1	Goal Opponent	4	Florinda
Korea	Shot Canada	01:36	01:41	01:48	Scrimmage 2 April 29 2026	Elena	1	Opponent Save	3	Player 15
Korea	Shot Opponent	01:47	01:52	01:58	Scrimmage 2 April 29 2026	Player 1	4	Canada Ball Control Save	4	Florinda
Korea	Shot Canada	01:53	01:58	02:05	Scrimmage 2 April 29 2026	Florinda	5	Canada Out	6	
Korea	Shot Opponent	02:07	02:12	02:22	Scrimmage 2 April 29 2026	Player 1	5	Canada Ball Control Save	3.5	Cassandra
Korea	Shot Canada	02:18	02:23	02:30	Scrimmage 2 April 29 2026	Cassandra	3	Opponent Save	4	Player 1
Korea	Shot Opponent	02:25	02:30	02:38	Scrimmage 2 April 29 2026	Player 1	5	Canada Ball Control Save	4.5	Florinda
Korea	Shot Canada	02:34	02:39	02:51	Scrimmage 2 April 29 2026	Florinda	5	Opponent Save	2	Player 19
Korea	Shot Opponent	02:47	02:52	02:57	Scrimmage 2 April 29 2026	Player 1	5	Canada Ball Control Save	1	Elena
Korea	Shot Canada	02:52	02:57	03:08	Scrimmage 2 April 29 2026	Elena	1	Opponent Save	2.5	Player 15
Korea	Shot Opponent	03:04	03:09	03:21	Scrimmage 2 April 29 2026	Player 19	4	Canada Save	4	Florinda
Korea	Shot Opponent	03:17	03:22	03:34	Scrimmage 2 April 29 2026	Player 1	4	Canada Ball Control Save	1.5	Elena
Korea	Shot Canada	03:29	03:34	03:41	Scrimmage 2 April 29 2026	Elena	1	Opponent Save	1.5	Player 19
Korea	Shot Opponent	03:37	03:42	03:55	Scrimmage 2 April 29 2026	Player 19	1	Canada Save	4	Florinda
Korea	Shot Canada	03:51	03:56	04:04	Scrimmage 2 April 29 2026	Elena	2	Opponent Save	5	Player 1
Korea	Shot Opponent	03:59	04:04	04:15	Scrimmage 2 April 29 2026	Player 1	5	Canada Ball Control Save	1	Elena
Korea	Shot Canada	04:11	04:16	04:24	Scrimmage 2 April 29 2026	Elena	1	Opponent Save	4	Player 15
Korea	Shot Opponent	04:19	04:24	04:32	Scrimmage 2 April 29 2026	Player 19	4	Canada Ball Control Save	3	Cassandra
Korea	Shot Canada	04:28	04:33	04:39	Scrimmage 2 April 29 2026	Florinda	5	Opponent Save	2.5	Player 15
Korea	Shot Opponent	04:35	04:40	04:45	Scrimmage 2 April 29 2026	Player 19	1	Canada Save	3	Cassandra
Korea	Shot Canada	04:41	04:46	04:54	Scrimmage 2 April 29 2026	Florinda	4	Opponent Save	5	Player 1
Korea	Shot Opponent	04:50	04:55	05:03	Scrimmage 2 April 29 2026	Player 1	5	Canada Ball Control Save	2	Elena
Korea	Shot Canada	04:59	05:04	05:11	Scrimmage 2 April 29 2026	Elena	1	Opponent Save	4.5	Player 1
Korea	Shot Opponent	05:06	05:11	05:19	Scrimmage 2 April 29 2026	Player 1	5	Canada Ball Control Save	1	Elena
Korea	Shot Canada	05:15	05:20	05:25	Scrimmage 2 April 29 2026	Elena	1	Opponent Save	2.5	Player 1
Korea	Shot Opponent	05:21	05:26	05:36	Scrimmage 2 April 29 2026	Player 1	5	Canada Ball Control Save	1.5	Elena
Korea	Shot Canada	05:32	05:37	05:44	Scrimmage 2 April 29 2026	Florinda	5	Opponent Save	2.5	Player 15
Korea	Shot Opponent	05:39	05:44	05:53	Scrimmage 2 April 29 2026	Player 19	2	Canada Save	3.5	Cassandra
Korea	Shot Canada	05:50	05:55	06:00	Scrimmage 2 April 29 2026					
Korea	Shot Opponent	05:56	06:01	06:10	Scrimmage 2 April 29 2026	Player 19	1	Canada Save	3.5	Cassandra
Korea	Shot Canada	06:06	06:11	06:20	Scrimmage 2 April 29 2026	Florinda	5	Opponent Save	4.5	Player 1
Korea	Shot Opponent	06:15	06:20	06:28	Scrimmage 2 April 29 2026	Player 1	5	Canada Save	2	Elena
Korea	Shot Canada	06:24	06:29	06:35	Scrimmage 2 April 29 2026	Elena	1	Opponent Save	5	Player 1
Korea	Shot Opponent	06:33	06:38	06:55	Scrimmage 2 April 29 2026	Player 19	2	Canada Ball Control Save	4	Florinda
Korea	Shot Canada	06:51	06:56	07:01	Scrimmage 2 April 29 2026	Florinda	5	Opponent Save	3	Player 15
Korea	Shot Opponent	06:56	07:01	07:08	Scrimmage 2 April 29 2026	Player 1	4	Canada Ball Control Save	4	Florinda
Korea	Shot Canada	07:03	07:08	07:18	Scrimmage 2 April 29 2026	Florinda	4	Opponent Save	4.5	Player 1
Korea	Shot Opponent	07:13	07:18	07:39	Scrimmage 2 April 29 2026	Player 19	4	Canada Ball Control Save	1.5	Elena
Korea	Shot Canada	07:35	07:40	07:47	Scrimmage 2 April 29 2026	Elena	1	Opponent Save	4.5	Player 1
Korea	Shot Opponent	07:43	07:48	07:55	Scrimmage 2 April 29 2026	Player 1	5	Canada Ball Control Save	2	Elena
Korea	Shot Canada	07:51	07:56	08:01	Scrimmage 2 April 29 2026	Cassandra	1	Opponent Save	3.5	Player 15
Korea	Shot Opponent	07:57	08:02	08:13	Scrimmage 2 April 29 2026	Player 19	2	Canada Ball Control Save	2.5	Elena
Korea	Shot Canada	08:09	08:14	08:23	Scrimmage 2 April 29 2026	Florinda	4	Goal Canada	3.5	Player 15
Korea	Shot Opponent	08:21	08:26	08:36	Scrimmage 2 April 29 2026	Player 1	5	Canada Ball Control Save	3	Elena
Korea	Shot Canada	08:32	08:37	08:53	Scrimmage 2 April 29 2026	Cassandra	1	Opponent Save	4.5	Player 1
Korea	Shot Opponent	08:48	08:53	09:00	Scrimmage 2 April 29 2026	Player 19	4	Canada Save	2.5	Elena
Korea	Shot Canada	08:56	09:01	09:06	Scrimmage 2 April 29 2026	Cassandra	1	Opponent Save	3	Player 15
Korea	Shot Opponent	09:01	09:06	09:16	Scrimmage 2 April 29 2026	Player 1	4	Canada Ball Control Save	1.5	Cassandra
Korea	Shot Canada	09:11	09:16	09:30	Scrimmage 2 April 29 2026	Florinda	5	Opponent Save	5	Player 1
Korea	Shot Opponent	09:26	09:31	09:47	Scrimmage 2 April 29 2026	Player 1	4	Canada Ball Control Save	4	Florinda
Korea	Shot Canada	09:43	09:48	09:54	Scrimmage 2 April 29 2026	Florinda	5	Opponent Save	3.5	Player 15
Korea	Shot Opponent	09:50	09:55	10:02	Scrimmage 2 April 29 2026	Player 19	4	Canada Save	3	Elena
Korea	Shot Canada	09:57	10:02	10:11	Scrimmage 2 April 29 2026	Florinda	4	Opponent Save	4.5	Player 1
Korea	Shot Opponent	10:07	10:12	10:29	Scrimmage 2 April 29 2026	Player 1	3	Canada Save	2	Cassandra
Korea	Shot Canada	10:25	10:30	10:35	Scrimmage 2 April 29 2026	Cassandra	2	Opponent Save	3.5	Player 15
Korea	Shot Opponent	10:31	10:36	10:46	Scrimmage 2 April 29 2026	Player 19	3	Canada Save	2	Cassandra
Korea	Shot Canada	10:41	10:46	10:53	Scrimmage 2 April 29 2026	Cassandra	1	Opponent Save	3	Player 15
Korea	Shot Opponent	10:49	10:54	11:03	Scrimmage 2 April 29 2026	Player 1	4	Canada Save	2	Cassandra
Korea	Shot Canada	11:02	11:07	11:20	Scrimmage 2 April 29 2026	Cassandra	1	Opponent Save	2.5	Player 19
Korea	Shot Opponent	11:16	11:21	11:27	Scrimmage 2 April 29 2026	Player 19	1	Canada Ball Control Save	4	Florinda
Korea	Shot Canada	11:22	11:27	11:32	Scrimmage 2 April 29 2026	Florinda	5	Opponent Save	3	Player 15
Korea	Shot Opponent	11:28	11:33	11:45	Scrimmage 2 April 29 2026	Player 19	1	Canada Ball Control Save	4	Elena
Korea	Shot Canada	11:40	11:45	11:50	Scrimmage 2 April 29 2026	Elena	3	Opponent Save	1	Player 19
Korea	Shot Opponent	11:46	11:51	11:58	Scrimmage 2 April 29 2026	Player 19	1	Canada Ball Control Save	3.5	Elena
Korea	Shot Canada	11:53	11:58	12:07	Scrimmage 2 April 29 2026	Florinda	4	Opponent Save	3.5	Player 15
Korea	Shot Opponent	12:03	12:08	12:14	Scrimmage 2 April 29 2026	Player 1	5	Canada Ball Control Save	3.5	Elena
Korea	Shot Canada	12:09	12:14	12:21	Scrimmage 2 April 29 2026	Florinda	5	Opponent Save	3	Player 15
Korea	Shot Opponent	12:17	12:22	12:31	Scrimmage 2 April 29 2026	Player 19	2	Canada Ball Control Save	4	Florinda
Korea	Shot Canada	12:27	12:32	12:41	Scrimmage 2 April 29 2026	Florinda	5	Opponent Save	3	Player 15
Korea	Shot Opponent	12:37	12:42	12:47	Scrimmage 2 April 29 2026					
Korea	Shot Canada	12:40	12:45	12:53	Scrimmage 2 April 29 2026	Cassandra	2	Opponent Save	1.5	Player 19
Korea	Shot Opponent	12:52	12:57	13:06	Scrimmage 2 April 29 2026	Player 19	2	Canada Save	3.5	Elena
Korea	Shot Canada	13:02	13:07	13:13	Scrimmage 2 April 29 2026	Florinda	5	Opponent Save	4.5	Player 1
Korea	Shot Opponent	13:09	13:14	13:23	Scrimmage 2 April 29 2026	Player 1	4	Canada Ball Control Save	2.5	Cassandra
Korea	Shot Canada	13:19	13:24	13:29	Scrimmage 2 April 29 2026	Cassandra	1	Opponent Save	3	Player 15
Korea	Shot Opponent	13:24	13:29	13:40	Scrimmage 2 April 29 2026	Player 19	1	Canada Save	4.5	Florinda
Korea	Shot Opponent	13:50	13:55	14:02	Scrimmage 2 April 29 2026	Player 19	1	Canada Ball Control Save	4.5	Florinda
Korea	Shot Canada	13:58	14:03	14:09	Scrimmage 2 April 29 2026	Florinda	5	Canada Out	6	
Korea	Shot Opponent	14:15	14:20	14:31	Scrimmage 2 April 29 2026	Player 19	5	Canada Ball Control Save	2.5	Cassandra
Korea	Shot Canada	14:26	14:31	14:37	Scrimmage 2 April 29 2026	Florinda	5	Opponent Save	4.5	Player 1
Korea	Shot Opponent	14:33	14:38	14:43	Scrimmage 2 April 29 2026	Player 19	1	Canada Ball Control Save	4	Florinda
Korea	Shot Canada	14:39	14:44	14:51	Scrimmage 2 April 29 2026	Florinda	4	Opponent Save	3	Player 15
Korea	Shot Opponent	14:46	14:51	15:00	Scrimmage 2 April 29 2026	Player 1	4	Opponent Out	0	
Korea	Shot Canada	14:58	15:03	15:12	Scrimmage 2 April 29 2026	Florinda	1	Canada Out	6	
Korea	T-END	15:14	15:14	15:14	Scrimmage 2 April 29 2026					
Korea	@@@P2	18:01	18:01	18:01	Scrimmage 2 April 29 2026					
Korea	T-START	18:01	18:01	18:01	Scrimmage 2 April 29 2026					
Korea	Shot Opponent	18:02	18:07	18:14	Scrimmage 2 April 29 2026	Player 6	5	Canada Ball Control Save	1	Amy
Korea	Shot Canada	18:10	18:15	18:32	Scrimmage 2 April 29 2026	Amy	1	Opponent Save	4	Player 15
Korea	Shot Opponent	18:27	18:32	18:37	Scrimmage 2 April 29 2026	Player 6	4	Canada Ball Control Save	1	Amy
Korea	Shot Canada	18:33	18:38	18:50	Scrimmage 2 April 29 2026	Emma	1	Opponent Save	4	Player 15
Korea	Shot Opponent	18:46	18:51	18:57	Scrimmage 2 April 29 2026	Player 12	2	Canada Save	4	Emma
Korea	Shot Canada	18:52	18:57	19:07	Scrimmage 2 April 29 2026	Meghan	3	Canada Out	6	
Korea	Shot Opponent	19:04	19:09	19:23	Scrimmage 2 April 29 2026	Player 6	5	Canada Save	2	Amy
Korea	Shot Canada	19:19	19:24	19:29	Scrimmage 2 April 29 2026	Amy	2	Opponent Save	3	Player 15
Korea	Shot Opponent	19:23	19:28	19:38	Scrimmage 2 April 29 2026	Player 12	2	Canada Ball Control Save	5	Emma
Korea	Shot Canada	19:34	19:39	19:46	Scrimmage 2 April 29 2026	Emma	5	Opponent Save	2.5	Player 15
Korea	Shot Opponent	19:42	19:47	19:57	Scrimmage 2 April 29 2026	Player 6	4	Canada Save	4.5	Emma
Korea	Shot Canada	19:53	19:58	20:07	Scrimmage 2 April 29 2026	Amy	3	Opponent Save	1.5	Player 12
Korea	Shot Opponent	20:03	20:08	20:14	Scrimmage 2 April 29 2026	Player 12	1	Canada Save	4.5	Emma
Korea	Shot Canada	20:10	20:15	20:25	Scrimmage 2 April 29 2026	Emma	4	Opponent Save	5	Player 6
Korea	Shot Opponent	20:20	20:25	20:31	Scrimmage 2 April 29 2026	Player 6	5	Canada Ball Control Save	2	Meghan
Korea	Shot Canada	20:27	20:32	20:42	Scrimmage 2 April 29 2026	Amy	1	Opponent Save	4	Player 6
Korea	Shot Opponent	20:38	20:43	20:57	Scrimmage 2 April 29 2026	Player 12	2	Goal Opponent	5	Emma
Korea	Shot Canada	20:53	20:58	21:06	Scrimmage 2 April 29 2026	Amy	3	Opponent Save	1.5	Player 12
Korea	Shot Opponent	21:01	21:06	21:15	Scrimmage 2 April 29 2026	Player 12	1	Opponent Out	6	
Korea	Shot Canada	21:11	21:16	21:23	Scrimmage 2 April 29 2026	Emma	4	Opponent Save	3	Player 15
Korea	Shot Opponent	21:19	21:24	21:34	Scrimmage 2 April 29 2026	Player 6	4	Canada Save	4	Emma
Korea	Shot Canada	21:30	21:35	21:41	Scrimmage 2 April 29 2026	Amy	4	Opponent Save	3	Player 15
Korea	Shot Opponent	21:37	21:42	21:52	Scrimmage 2 April 29 2026	Player 12	2	Canada Ball Control Save	4	Emma
Korea	Shot Canada	21:47	21:52	21:59	Scrimmage 2 April 29 2026	Meghan	3	Opponent Save	3	Player 15
Korea	Shot Opponent	21:56	22:01	22:09	Scrimmage 2 April 29 2026	Player 6	4	Canada Ball Control Save	1.5	Amy
Korea	Shot Canada	22:04	22:09	22:32	Scrimmage 2 April 29 2026	Amy	2	Opponent Save	4	Player 6
Korea	Shot Opponent	22:27	22:32	22:42	Scrimmage 2 April 29 2026	Player 12	1	Canada Ball Control Save	2	Amy
Korea	Shot Canada	22:37	22:42	22:48	Scrimmage 2 April 29 2026	Amy	4	Opponent Save	3	Player 15
Korea	Shot Opponent	22:44	22:49	22:57	Scrimmage 2 April 29 2026	Player 6	4	Canada Ball Control Save	5	Emma
Korea	Shot Canada	22:58	23:03	23:13	Scrimmage 2 April 29 2026	Emma	4	Opponent Save	4.5	Player 6
Korea	Shot Opponent	23:09	23:14	23:20	Scrimmage 2 April 29 2026	Player 6	5	Canada Save	4.5	Emma
Korea	Shot Canada	23:15	23:20	23:30	Scrimmage 2 April 29 2026	Emma	4	Opponent Save	2	Player 15
Korea	Shot Opponent	23:26	23:31	23:39	Scrimmage 2 April 29 2026	Player 12	2	Canada Ball Control Save	1	Amy
Korea	Shot Canada	23:34	23:39	23:49	Scrimmage 2 April 29 2026	Amy	1	Opponent Save	3	Player 15
Korea	Shot Opponent	23:46	23:51	24:00	Scrimmage 2 April 29 2026	Player 6	5	Canada Ball Control Save	1.5	Amy
Korea	Shot Canada	23:56	24:01	24:09	Scrimmage 2 April 29 2026	Amy	1	Opponent Save	4	Player 6
Korea	Shot Opponent	24:05	24:10	24:16	Scrimmage 2 April 29 2026	Player 12	4	Canada Ball Control Save	3	Meghan
Korea	Shot Canada	24:11	24:16	24:25	Scrimmage 2 April 29 2026	Emma	5	Opponent Save	1.5	Player 12
Korea	Shot Opponent	24:20	24:25	24:36	Scrimmage 2 April 29 2026	Player 12	1	Canada Save	2.5	Meghan
Korea	Shot Canada	24:31	24:36	24:43	Scrimmage 2 April 29 2026	Emma	4	Opponent Save	1.5	Player 6
Korea	Shot Opponent	24:38	24:43	24:54	Scrimmage 2 April 29 2026	Player 6	5	Canada Save	1.5	Amy
Korea	Shot Canada	24:49	24:54	25:07	Scrimmage 2 April 29 2026	Amy	1	Opponent Save	2.5	Player 15
Korea	Shot Opponent	25:03	25:08	25:13	Scrimmage 2 April 29 2026	Player 12	2	Canada Save	4.5	Emma
Korea	Shot Canada	25:09	25:14	25:25	Scrimmage 2 April 29 2026	Emma	5	Opponent Save	2	Player 15
Korea	Shot Opponent	25:21	25:26	25:31	Scrimmage 2 April 29 2026	Player 6	4	Canada Ball Control Save	1	Amy
Korea	Shot Canada	25:25	25:30	25:46	Scrimmage 2 April 29 2026	Amy	2	Opponent Save	1.5	Player 12
Korea	Shot Opponent	25:42	25:47	25:53	Scrimmage 2 April 29 2026	Player 12	1	Canada Save	2	Meghan
Korea	Shot Canada	25:48	25:53	26:03	Scrimmage 2 April 29 2026	Meghan	3	Opponent Save	5	Player 6
Korea	Shot Opponent	26:02	26:07	26:18	Scrimmage 2 April 29 2026	Player 6	3	Canada Ball Control Save	1.5	Amy
Korea	Shot Canada	26:14	26:19	26:29	Scrimmage 2 April 29 2026	Amy	4	Opponent Save	2.5	Player 12
Korea	Shot Opponent	26:25	26:30	26:35	Scrimmage 2 April 29 2026	Player 12	1	Canada Ball Control Save	3	Meghan
Korea	Shot Canada	26:30	26:35	26:42	Scrimmage 2 April 29 2026	Emma	2	Opponent Save	3	Player 15
Korea	Shot Opponent	26:38	26:43	26:51	Scrimmage 2 April 29 2026	Player 6	4	Canada Ball Control Save	3	Meghan
Korea	Shot Canada	26:47	26:52	27:04	Scrimmage 2 April 29 2026	Amy	2	Opponent Save	4	Player 6
Korea	Shot Opponent	27:03	27:08	27:14	Scrimmage 2 April 29 2026	Player 15	3	Canada Ball Control Save	1	Amy
Korea	Shot Canada	27:10	27:15	27:24	Scrimmage 2 April 29 2026	Emma	1	Opponent Save	4	Player 6
Korea	Shot Opponent	27:21	27:26	27:31	Scrimmage 2 April 29 2026	Player 6	5	Canada Ball Control Save	3	Meghan
Korea	Shot Canada	27:25	27:30	27:39	Scrimmage 2 April 29 2026	Amy	1	Opponent Save	2	Player 12
Korea	Shot Opponent	27:34	27:39	27:45	Scrimmage 2 April 29 2026	Player 12	2	Canada Ball Control Save	4	Emma
Korea	Shot Canada	27:41	27:46	27:54	Scrimmage 2 April 29 2026	Emma	5	Opponent Save	2	Player 15
Korea	Shot Opponent	27:50	27:55	28:00	Scrimmage 2 April 29 2026	Player 15	3	Canada Ball Control Save	3	Meghan
Korea	Shot Canada	27:53	27:58	28:09	Scrimmage 2 April 29 2026	Amy	4	Opponent Save	1.5	Player 12
Korea	Shot Opponent	28:05	28:10	28:15	Scrimmage 2 April 29 2026	Player 12	1	Canada Ball Control Save	5	Emma
Korea	Shot Canada	28:09	28:14	28:21	Scrimmage 2 April 29 2026	Emma	2	Opponent Save	4	Player 6
Korea	Shot Opponent	28:17	28:22	28:27	Scrimmage 2 April 29 2026	Player 6	5	Canada Ball Control Save	1	Amy
Korea	Shot Canada	28:22	28:27	28:36	Scrimmage 2 April 29 2026	Amy	1	Opponent Save	4	Player 6
Korea	Shot Opponent	28:32	28:37	28:46	Scrimmage 2 April 29 2026	Player 12	2	Canada Save	2	Amy
Korea	Shot Canada	28:41	28:46	29:00	Scrimmage 2 April 29 2026	Amy	1	Opponent Save	4	Player 6
Korea	Shot Opponent	28:56	29:01	29:09	Scrimmage 2 April 29 2026	Player 6	5	Canada Save	4	Emma
Korea	Shot Canada	29:04	29:09	29:18	Scrimmage 2 April 29 2026	Emma	4	Opponent Save	4	Player 6
Korea	Shot Opponent	29:14	29:19	29:26	Scrimmage 2 April 29 2026	Player 12	2	Canada Save	4	Emma
Korea	Shot Canada	29:22	29:27	29:33	Scrimmage 2 April 29 2026	Emma	5	Opponent Save	2.5	Player 15
Korea	Shot Opponent	29:29	29:34	29:42	Scrimmage 2 April 29 2026	Player 12	1	Canada Ball Control Save	5	Emma
Korea	Shot Canada	29:38	29:43	29:51	Scrimmage 2 April 29 2026	Amy	5	Opponent Save	1.5	Player 12
Korea	Shot Opponent	29:47	29:52	30:02	Scrimmage 2 April 29 2026	Player 6	4	Canada Save	3.5	Meghan
Korea	Shot Canada	29:57	30:02	30:13	Scrimmage 2 April 29 2026	Emma	3	Opponent Save	3.5	Player 15
Korea	Shot Opponent	30:09	30:14	30:28	Scrimmage 2 April 29 2026	Player 6	5	Opponent Out	0	
Korea	Shot Canada	30:24	30:29	30:39	Scrimmage 2 April 29 2026	Amy	2	Canada Out	0	
Korea	Shot Opponent	30:38	30:43	30:49	Scrimmage 2 April 29 2026	Player 12	1	Canada Save	4	Emma
Korea	Shot Canada	30:45	30:50	30:56	Scrimmage 2 April 29 2026	Amy	4	Opponent Save	1.5	Player 12
Korea	Shot Opponent	30:52	30:57	31:02	Scrimmage 2 April 29 2026	Player 12	2	Canada Ball Control Save	3	Meghan
Korea	Shot Canada	30:57	31:02	31:09	Scrimmage 2 April 29 2026	Amy	2	Opponent Save	2.5	Player 15
Korea	Shot Opponent	31:04	31:09	31:15	Scrimmage 2 April 29 2026	Player 15	3	Canada Ball Control Save	2	Amy
Korea	Shot Canada	31:10	31:15	31:22	Scrimmage 2 April 29 2026	Amy	2	Opponent Save	1.5	Player 12
Korea	Shot Opponent	31:18	31:23	31:28	Scrimmage 2 April 29 2026	Player 12	2	Canada Save	3	Meghan
Korea	Shot Canada	31:21	31:26	31:34	Scrimmage 2 April 29 2026	Amy	2	Opponent Save	3	Player 15
Korea	Shot Opponent	31:30	31:35	31:42	Scrimmage 2 April 29 2026	Player 6	4	Canada Ball Control Save	1.5	Amy
Korea	Shot Canada	31:38	31:43	31:52	Scrimmage 2 April 29 2026	Amy	2	Opponent Save	2	Player 12
Korea	Shot Opponent	31:48	31:53	31:58	Scrimmage 2 April 29 2026					
Korea	Shot Canada	31:54	31:59	32:07	Scrimmage 2 April 29 2026	Emma	5	Opponent Save	3.5	Player 15
Korea	Shot Opponent	32:07	32:12	32:22	Scrimmage 2 April 29 2026	Player 6	3	Canada Ball Control Save	2	Amy
Korea	Shot Canada	32:17	32:22	32:27	Scrimmage 2 April 29 2026	Amy	2	Opponent Save	3	Player 15
Korea	Shot Opponent	32:21	32:26	32:31	Scrimmage 2 April 29 2026	Player 15	3	Canada Ball Control Save	2.5	Meghan
Korea	Shot Canada	32:26	32:31	32:39	Scrimmage 2 April 29 2026	Amy	2	Opponent Save	2	Player 12
Korea	Shot Opponent	32:35	32:40	32:45	Scrimmage 2 April 29 2026	Player 12	2	Canada Ball Control Save	3.5	Meghan
Korea	Shot Canada	32:40	32:45	32:58	Scrimmage 2 April 29 2026	Emma	4	Goal Canada	4	Player 15
Korea	Shot Opponent	32:56	33:01	33:10	Scrimmage 2 April 29 2026	Player 6	5	Canada Ball Control Save	2	Amy
Korea	T-END	37:10	37:10	37:10	Scrimmage 2 April 29 2026					
Korea	@@@P3	38:45	38:45	38:45	Scrimmage 2 April 29 2026					
Korea	T-START	38:45	38:45	38:45	Scrimmage 2 April 29 2026					
Korea	Shot Canada	38:50	38:55	39:07	Scrimmage 2 April 29 2026	Florinda	5	Opponent Save	2.5	Player 15
Korea	Shot Opponent	39:03	39:08	39:15	Scrimmage 2 April 29 2026	Player 12	2	Canada Ball Control Save	4	Florinda
Korea	Shot Canada	39:11	39:16	39:23	Scrimmage 2 April 29 2026	Florinda	4	Opponent Save	5	Player 6
Korea	Shot Opponent	39:18	39:23	39:30	Scrimmage 2 April 29 2026	Player 6	5	Canada Save	3	Elena
Korea	Shot Canada	39:26	39:31	39:39	Scrimmage 2 April 29 2026	Cassandra	2	Opponent Save	1.5	Player 12
Korea	Shot Opponent	39:34	39:39	39:49	Scrimmage 2 April 29 2026	Player 12	1	Canada Ball Control Save	3.5	Elena
Korea	Shot Canada	39:44	39:49	39:55	Scrimmage 2 April 29 2026	Florinda	4	Canada Out	6	
Korea	Shot Opponent	39:56	40:01	40:19	Scrimmage 2 April 29 2026	Player 6	4	Goal Opponent	2	Cassandra
Korea	Shot Canada	40:14	40:19	40:26	Scrimmage 2 April 29 2026	Elena	3	Opponent Save	1.5	Player 12
Korea	Shot Opponent	40:21	40:26	40:38	Scrimmage 2 April 29 2026	Player 12	2	Goal Opponent	2.5	Elena
Korea	Shot Canada	40:33	40:38	40:47	Scrimmage 2 April 29 2026	Cassandra	2	Opponent Save	1.5	Player 12
Korea	Shot Opponent	40:43	40:48	41:17	Scrimmage 2 April 29 2026	Player 6	3	Canada Ball Control Save	2	Cassandra
Korea	Shot Canada	41:12	41:17	41:25	Scrimmage 2 April 29 2026	Cassandra	1	Opponent Save	1	Player 19
Korea	Shot Opponent	41:20	41:25	41:30	Scrimmage 2 April 29 2026	Player 19	1	Canada Ball Control Save	5	Florinda
Korea	Shot Canada	41:25	41:30	41:46	Scrimmage 2 April 29 2026	Florinda	5	Opponent Save	1	Player 19
Korea	Shot Opponent	41:42	41:47	41:54	Scrimmage 2 April 29 2026	Player 19	1	Canada Ball Control Save	5	Florinda
Korea	Shot Canada	41:49	41:54	42:02	Scrimmage 2 April 29 2026	Florinda	5	Opponent Save	1.5	Player 19
Korea	Shot Opponent	41:58	42:03	42:14	Scrimmage 2 April 29 2026	Player 19	1	Goal Opponent	5	Florinda
Korea	Shot Canada	42:12	42:17	42:28	Scrimmage 2 April 29 2026	Florinda	4	Canada Out	6	
Korea	Shot Opponent	42:27	42:32	42:43	Scrimmage 2 April 29 2026	Player 6	5	Canada Ball Control Save	3	Elena
Korea	Shot Canada	42:39	42:44	42:52	Scrimmage 2 April 29 2026	Elena	3	Opponent Save	1	Player 19
Korea	Shot Opponent	42:48	42:53	43:03	Scrimmage 2 April 29 2026	Player 19	1	Canada Save	4	Florinda
Korea	Shot Canada	43:00	43:05	43:13	Scrimmage 2 April 29 2026	Florinda	4	Canada Out	6	
Korea	Shot Opponent	43:11	43:16	43:28	Scrimmage 2 April 29 2026	Player 6	5	Long Ball		
Korea	Penalty Shot Canada	43:39	43:44	43:55	Scrimmage 2 April 29 2026	Elena	3	Opponent Save	3	Player 6
Korea	Shot Opponent	43:57	44:02	44:14	Scrimmage 2 April 29 2026	Player 6	4	Canada Ball Control Save	2	Elena
Korea	Shot Canada	44:09	44:14	44:21	Scrimmage 2 April 29 2026	Elena	2	Opponent Save	2.5	Player 15
Korea	Shot Opponent	44:17	44:22	44:27	Scrimmage 2 April 29 2026	Player 19	1	Canada Save	5	Florinda
Korea	Shot Canada	44:23	44:28	44:40	Scrimmage 2 April 29 2026	Florinda	5	Opponent Save	3.5	Player 15
Korea	Shot Opponent	44:36	44:41	44:46	Scrimmage 2 April 29 2026	Player 6	4	Canada Save	3	Cassandra
Korea	Shot Canada	44:41	44:46	44:53	Scrimmage 2 April 29 2026	Florinda	4	Canada Out	6	
Korea	Shot Opponent	45:08	45:13	45:26	Scrimmage 2 April 29 2026	Player 19	5	Canada Ball Control Save	3.5	Elena
Korea	Shot Canada	45:22	45:27	45:32	Scrimmage 2 April 29 2026					
Korea	Shot Opponent	45:24	45:29	45:34	Scrimmage 2 April 29 2026	Player 19	1	Opponent Out	6	
Korea	Shot Canada	45:29	45:34	45:44	Scrimmage 2 April 29 2026	Florinda	5	Opponent Save	3	Player 1
Korea	Shot Opponent	45:39	45:44	45:55	Scrimmage 2 April 29 2026	Player 6	4	Canada Ball Control Save	1.5	Elena
Korea	Shot Canada	45:50	45:55	46:06	Scrimmage 2 April 29 2026	Elena	1	Canada Out	0	
Korea	Shot Opponent	46:01	46:06	46:28	Scrimmage 2 April 29 2026	Player 19	1	Canada Ball Control Save	3.5	Cassandra
Korea	Shot Canada	46:23	46:28	46:37	Scrimmage 2 April 29 2026	Emma	5	Opponent Save	3	Player 1
Korea	Shot Opponent	46:33	46:38	46:43	Scrimmage 2 April 29 2026	Player 19	2	Canada Ball Control Save	3	Elena
Korea	Shot Canada	46:39	46:44	46:55	Scrimmage 2 April 29 2026	Meghan	1	Opponent Save	5	Player 6
Korea	Shot Opponent	46:50	46:55	47:08	Scrimmage 2 April 29 2026	Player 6	4	Canada Save	4	Emma
Korea	Shot Canada	47:03	47:08	47:16	Scrimmage 2 April 29 2026	Emma	4	Opponent Save	1.5	Player 19
Korea	Shot Opponent	47:11	47:16	47:21	Scrimmage 2 April 29 2026	Player 19	2	Canada Ball Control Save	3	Elena
Korea	Shot Canada	47:17	47:22	47:35	Scrimmage 2 April 29 2026	Meghan	1	Opponent Save	4.5	Player 6
Korea	Shot Opponent	47:31	47:36	47:43	Scrimmage 2 April 29 2026	Player 6	4	Canada Ball Control Save	4	Emma
Korea	Shot Canada	47:38	47:43	47:49	Scrimmage 2 April 29 2026	Emma	5	Opponent Save	1	Player 19
Korea	Shot Opponent	47:46	47:51	48:04	Scrimmage 2 April 29 2026	Player 19	2	Canada Ball Control Save	4	Emma
Korea	Shot Canada	48:00	48:05	48:10	Scrimmage 2 April 29 2026	Emma	4	Opponent Save	3	Player 1
Korea	Shot Opponent	48:05	48:10	48:17	Scrimmage 2 April 29 2026	Player 19	2	Canada Ball Control Save	5	Emma
Korea	Shot Canada	48:12	48:17	48:24	Scrimmage 2 April 29 2026	Meghan	1	Opponent Save	3	Player 1
Korea	Shot Opponent	48:19	48:24	48:33	Scrimmage 2 April 29 2026	Player 6	4	Canada Save	4	Emma
Korea	Shot Canada	48:28	48:33	48:44	Scrimmage 2 April 29 2026	Emma	4	Opponent Save	2.5	Player 1
Korea	Shot Opponent	48:46	48:51	48:56	Scrimmage 2 April 29 2026					
Korea	Shot Canada	48:50	48:55	49:07	Scrimmage 2 April 29 2026	Emma	2	Opponent Save	3	Player 1
Korea	Shot Canada	49:03	49:08	49:21	Scrimmage 2 April 29 2026	Meghan	4	Opponent Save	3.5	Player 1
Korea	Shot Opponent	49:16	49:21	49:34	Scrimmage 2 April 29 2026	Player 6	4	Goal Opponent	3	Elena
Korea	Shot Canada	49:37	49:42	49:52	Scrimmage 2 April 29 2026	Emma	5	Opponent Save	1	Player 19
Korea	Shot Opponent	49:48	49:53	50:02	Scrimmage 2 April 29 2026	Player 19	1	Canada Save	4	Emma
Korea	Shot Canada	49:58	50:03	50:11	Scrimmage 2 April 29 2026	Meghan	3	Opponent Save	3.5	Player 1
Korea	Shot Opponent	50:07	50:12	50:20	Scrimmage 2 April 29 2026	Player 6	2	Canada Ball Control Save	2	Elena
Korea	Shot Canada	50:16	50:21	50:26	Scrimmage 2 April 29 2026	Meghan	1	Canada Out	6	
Korea	Shot Opponent	50:28	50:33	50:40	Scrimmage 2 April 29 2026	Player 19	3	Canada Ball Control Save	2.5	Elena
Korea	Shot Canada	50:36	50:41	50:55	Scrimmage 2 April 29 2026	Emma	5	Opponent Save	2	Player 19
Korea	Shot Opponent	50:51	50:56	51:01	Scrimmage 2 April 29 2026	Player 19	2	Canada Ball Control Save	3	Elena
Korea	Shot Canada	50:54	50:59	51:10	Scrimmage 2 April 29 2026	Meghan	2	Opponent Save	3	Player 1
Korea	Shot Opponent	51:06	51:11	51:16	Scrimmage 2 April 29 2026					
Korea	Shot Canada	51:13	51:18	51:23	Scrimmage 2 April 29 2026	Emma	4	Canada Out	6	
Korea	Shot Opponent	51:27	51:32	51:40	Scrimmage 2 April 29 2026	Player 6	5	Canada Ball Control Save	1.5	Meghan
Korea	Shot Canada	51:36	51:41	51:47	Scrimmage 2 April 29 2026	Meghan	2	Opponent Save	2.5	Player 1
Korea	Shot Opponent	51:43	51:48	51:55	Scrimmage 2 April 29 2026	Player 19	1	Canada Save	4.5	Emma
Korea	Shot Canada	51:50	51:55	52:05	Scrimmage 2 April 29 2026	Emma	5	Opponent Save	2.5	Player 1
Korea	Shot Opponent	52:00	52:05	52:16	Scrimmage 2 April 29 2026	Player 6	3	Canada Save	5	Emma
Korea	Shot Canada	52:15	52:20	52:33	Scrimmage 2 April 29 2026	Emma	4	Opponent Save	4	Player 6
Korea	Shot Opponent	52:28	52:33	52:38	Scrimmage 2 April 29 2026	Player 1	3	Canada Ball Control Save	4	Emma
Korea	Shot Canada	52:34	52:39	52:48	Scrimmage 2 April 29 2026	Meghan	2	Opponent Save	2.5	Player 1
Korea	Shot Opponent	52:47	52:52	53:01	Scrimmage 2 April 29 2026	Player 19	1	Canada Save	4	Emma
Korea	Shot Canada	53:08	53:13	53:18	Scrimmage 2 April 29 2026	Meghan	3	Opponent Save	3	Player 1
Korea	Shot Opponent	53:13	53:18	53:27	Scrimmage 2 April 29 2026	Player 6	4	Canada Save	4	Florinda
Korea	Shot Canada	53:23	53:28	53:40	Scrimmage 2 April 29 2026	Florinda	5	Opponent Save	4	Player 6
Korea	Shot Opponent	53:35	53:40	53:45	Scrimmage 2 April 29 2026	Player 1	3	Canada Ball Control Save	3	Elena
Korea	Shot Canada	53:39	53:44	53:55	Scrimmage 2 April 29 2026	Meghan	1	Opponent Save	4	Player 6
Korea	Shot Opponent	53:50	53:55	54:03	Scrimmage 2 April 29 2026	Player 6	4	Canada Ball Control Save	5	Florinda
Korea	T-END	54:05	54:05	54:05	Scrimmage 2 April 29 2026					
